{"train": {"loss": 0.5708698721230031, "accuracy": 0.8379333522915839}, "val": {"loss": 0.04385732754803028, "accuracy": 0.9864000099897381}, "epoch": 1, "msg": "state=train"}
