{"train": {"loss": 0.5155547180771825, "accuracy": 0.8511333531141281}, "val": {"loss": 0.0452747973546866, "accuracy": 0.9850666755437854}, "epoch": 1, "msg": "state=train"}
{"train": {"loss": 0.21945721596479417, "accuracy": 0.9334666842222216}, "val": {"loss": 0.033476958353858215, "accuracy": 0.9896000081300735}, "epoch": 2, "msg": "state=train"}
{"train": {"loss": 0.17148576766252524, "accuracy": 0.9479000252485277}, "val": {"loss": 0.02643970121403981, "accuracy": 0.9925333404541015}, "epoch": 3, "msg": "state=train"}
{"train": {"loss": 0.15190389167517424, "accuracy": 0.9556666922569278}, "val": {"loss": 0.024566958609675567, "accuracy": 0.9913333386182787}, "epoch": 4, "msg": "state=train"}
{"train": {"loss": 0.12520037025213254, "accuracy": 0.9611333632469179}, "val": {"loss": 0.018181697160666768, "accuracy": 0.9945333379507063}, "epoch": 5, "msg": "state=train"}
{"train": {"loss": 0.11838110130280258, "accuracy": 0.9645000267028808}, "val": {"loss": 0.017677439905314712, "accuracy": 0.9956000041961666}, "epoch": 6, "msg": "state=train"}
{"train": {"loss": 0.10507537353783844, "accuracy": 0.9688333600759508}, "val": {"loss": 0.026772509595596145, "accuracy": 0.9904000067710876}, "epoch": 7, "msg": "state=train"}
{"train": {"loss": 0.10102506447583437, "accuracy": 0.9701000243425371}, "val": {"loss": 0.02210555188728903, "accuracy": 0.9936000049114226}, "epoch": 8, "msg": "state=train"}
{"train": {"loss": 0.09653662601485846, "accuracy": 0.9699333608150483}, "val": {"loss": 0.018969521365434044, "accuracy": 0.9952000045776365}, "epoch": 9, "msg": "state=train"}
{"train": {"loss": 0.0870083536207676, "accuracy": 0.9745666903257368}, "val": {"loss": 0.012992292371099837, "accuracy": 0.9966666698455809}, "epoch": 10, "msg": "state=train"}
{"train": {"loss": 0.08267688151448964, "accuracy": 0.9756333565711979}, "val": {"loss": 0.01534216378914834, "accuracy": 0.9948000049591063}, "epoch": 11, "msg": "state=train"}
{"train": {"loss": 0.08290981275960801, "accuracy": 0.9751333564519886}, "val": {"loss": 0.010063328723391999, "accuracy": 0.9969333362579345}, "epoch": 12, "msg": "state=train"}
{"train": {"loss": 0.0828442566841841, "accuracy": 0.9752000218629837}, "val": {"loss": 0.013752325858931725, "accuracy": 0.9952000045776365}, "epoch": 13, "msg": "state=train"}
{"train": {"loss": 0.0791708602383733, "accuracy": 0.9763333541154865}, "val": {"loss": 0.01216315271068652, "accuracy": 0.9960000026226045}, "epoch": 14, "msg": "state=train"}
{"train": {"loss": 0.08201983353123068, "accuracy": 0.9754666894674302}, "val": {"loss": 0.011817349343406962, "accuracy": 0.9960000026226044}, "epoch": 15, "msg": "state=train"}
{"train": {"loss": 0.07412059925496575, "accuracy": 0.9754666894674303}, "val": {"loss": 0.016096809371945252, "accuracy": 0.9953333371877672}, "epoch": 16, "msg": "state=train"}
{"train": {"loss": 0.07260653007775543, "accuracy": 0.9774000203609464}, "val": {"loss": 0.015770123174918355, "accuracy": 0.9953333377838134}, "epoch": 17, "msg": "state=train"}
{"train": {"loss": 0.07208287218585609, "accuracy": 0.9770000219345091}, "val": {"loss": 0.014701110273616105, "accuracy": 0.9957333374023436}, "epoch": 18, "msg": "state=train"}
{"train": {"loss": 0.06923679495230317, "accuracy": 0.9778666877746583}, "val": {"loss": 0.014867795965591459, "accuracy": 0.9956000041961671}, "epoch": 19, "msg": "state=train"}
{"train": {"loss": 0.061099981246516125, "accuracy": 0.9810000181198121}, "val": {"loss": 0.017963514928163133, "accuracy": 0.9952000027894969}, "epoch": 20, "msg": "state=train"}
{"train": {"loss": 0.06818052381277082, "accuracy": 0.9782666850090027}, "val": {"loss": 0.011041555071084522, "accuracy": 0.9968000024557115}, "epoch": 21, "msg": "state=train"}
{"train": {"loss": 0.0552081739716232, "accuracy": 0.9825666826963423}, "val": {"loss": 0.014034091949331962, "accuracy": 0.9956000030040743}, "epoch": 22, "msg": "state=train"}
{"train": {"loss": 0.052887453222647283, "accuracy": 0.9829666811227801}, "val": {"loss": 0.016967620126374074, "accuracy": 0.9958666700124742}, "epoch": 23, "msg": "state=train"}
{"train": {"loss": 0.052867314582690596, "accuracy": 0.9820000171661377}, "val": {"loss": 0.009134933161745388, "accuracy": 0.9969333356618879}, "epoch": 24, "msg": "state=train"}
{"train": {"loss": 0.05104245764203372, "accuracy": 0.9827666831016543}, "val": {"loss": 0.011327542102800695, "accuracy": 0.9973333358764647}, "epoch": 25, "msg": "state=train"}
{"train": {"loss": 0.05493350354023279, "accuracy": 0.9813666838407518}, "val": {"loss": 0.009985476830903506, "accuracy": 0.9961333364248275}, "epoch": 26, "msg": "state=train"}
{"train": {"loss": 0.05350499975029381, "accuracy": 0.9826666831970216}, "val": {"loss": 0.016251225229551098, "accuracy": 0.9945333379507065}, "epoch": 27, "msg": "state=train"}
{"train": {"loss": 0.04950107567012309, "accuracy": 0.9838333487510681}, "val": {"loss": 0.014331595036456117, "accuracy": 0.9954666709899902}, "epoch": 28, "msg": "state=train"}
{"train": {"loss": 0.0536875999905169, "accuracy": 0.9826333498954776}, "val": {"loss": 0.012021563685699876, "accuracy": 0.9969333356618884}, "epoch": 29, "msg": "state=train"}
{"train": {"loss": 0.04881201286800205, "accuracy": 0.9830000162124637}, "val": {"loss": 0.014390840221492736, "accuracy": 0.9961333370208741}, "epoch": 30, "msg": "state=train"}
{"train": {"loss": 0.046065812516026185, "accuracy": 0.9841000151634217}, "val": {"loss": 0.011603684391578776, "accuracy": 0.9966666692495346}, "epoch": 31, "msg": "state=train"}
{"train": {"loss": 0.046800683736801144, "accuracy": 0.9848666810989382}, "val": {"loss": 0.014032521808355508, "accuracy": 0.9966666686534883}, "epoch": 32, "msg": "state=train"}
{"train": {"loss": 0.048891375293023884, "accuracy": 0.9842000144720079}, "val": {"loss": 0.00589391792129035, "accuracy": 0.9985333347320556}, "epoch": 33, "msg": "state=train"}
{"train": {"loss": 0.05340067198500038, "accuracy": 0.9815666842460636}, "val": {"loss": 0.011664786045380422, "accuracy": 0.9968000030517579}, "epoch": 34, "msg": "state=train"}
{"train": {"loss": 0.051722480263560994, "accuracy": 0.9818333500623703}, "val": {"loss": 0.012278389998283505, "accuracy": 0.9958666706085205}, "epoch": 35, "msg": "state=train"}
{"train": {"loss": 0.04873251758515834, "accuracy": 0.9832333487272263}, "val": {"loss": 0.01249138012346251, "accuracy": 0.9964000034332278}, "epoch": 36, "msg": "state=train"}
{"train": {"loss": 0.050723588345572355, "accuracy": 0.9830666828155518}, "val": {"loss": 0.011911271916246455, "accuracy": 0.9948000031709668}, "epoch": 37, "msg": "state=train"}
{"train": {"loss": 0.04500283015891909, "accuracy": 0.984900014400482}, "val": {"loss": 0.009173790906740184, "accuracy": 0.9969333362579346}, "epoch": 38, "msg": "state=train"}
{"train": {"loss": 0.04137965928064658, "accuracy": 0.9857000136375431}, "val": {"loss": 0.013165059586003733, "accuracy": 0.996800003051758}, "epoch": 39, "msg": "state=train"}
{"train": {"loss": 0.03947198566514999, "accuracy": 0.9872000122070314}, "val": {"loss": 0.00791052491535336, "accuracy": 0.9980000019073485}, "epoch": 40, "msg": "state=train"}
{"train": {"loss": 0.04495251941028981, "accuracy": 0.9845333480834961}, "val": {"loss": 0.020712687738530203, "accuracy": 0.9937333375215535}, "epoch": 41, "msg": "state=train"}
{"train": {"loss": 0.0409721307642758, "accuracy": 0.9863666796684262}, "val": {"loss": 0.01328589691181093, "accuracy": 0.9960000032186509}, "epoch": 42, "msg": "state=train"}
{"train": {"loss": 0.03697061191778628, "accuracy": 0.9869000124931336}, "val": {"loss": 0.013259098708738721, "accuracy": 0.9956000030040739}, "epoch": 43, "msg": "state=train"}
{"train": {"loss": 0.04364352559670806, "accuracy": 0.984133348464966}, "val": {"loss": 0.008774908016033575, "accuracy": 0.9980000019073488}, "epoch": 44, "msg": "state=train"}
{"train": {"loss": 0.038309021480381476, "accuracy": 0.9867666792869566}, "val": {"loss": 0.011643554220419575, "accuracy": 0.9970666688680654},